Country,City,Lifestyle_Level,Rent_Type,Monthly_Rent,Monthly_Utilities,Monthly_Transport,Monthly_Groceries,Monthly_School_Fees,Monthly_Dining,Monthly_Healthcare,Monthly_Misc,Total_Monthly_Cost,Currency,Source,Last_Verified,Estimation_Flag,Notes
AE,Dubai,Basic,Shared Accommodation,2500,350,350,700,0,200,0,200,4300,AED,"Numbeo, expat forums, 2026",2026-02-19,N,"DHA-licensed city. Shared accommodation in areas like International City, Discovery Gardens. Public transport via Metro/Bus (Nol Card ~AED 350/month). Basic grocery shopping at Carrefour/Lulu. Healthcare covered by employer-mandated insurance."
AE,Dubai,Basic,1BHK,3500,450,350,750,0,250,0,250,5550,AED,"Numbeo, expat forums, 2026",2026-02-19,N,"1BHK in outer areas (JVC, Sports City, Dubai Silicon Oasis). DEWA utilities average for 1-person household. Groceries include some dining at budget restaurants (AED 20-30/meal)."
AE,Dubai,Basic,Family (2-3 BHK),6000,600,500,1200,0,400,0,350,9050,AED,"Numbeo, expat forums, 2026",2026-02-19,N,"2-3BHK in family-friendly areas (Discovery Gardens, Mirdif). Utilities for family of 3-4. Transport includes occasional taxis. Groceries for family cooking at home."
AE,Dubai,Moderate,Shared Accommodation,2800,400,600,900,0,500,0,400,5600,AED,"Numbeo, expat forums, 2026",2026-02-19,N,"Better-located shared accommodation (JLT, Barsha). Mix of public transport and occasional taxis/Careem. More dining out and social activities. Higher quality groceries."
AE,Dubai,Moderate,1BHK,3800,500,600,900,0,500,0,400,6700,AED,"Numbeo, expat forums, 2026",2026-02-19,N,"1BHK in mid-tier locations (JLT, Barsha, Motor City). Balanced lifestyle with regular dining out (2-3 times/week). Choithrams/Spinneys grocery shopping. Entertainment budget included."
AE,Dubai,Moderate,Family (2-3 BHK),8000,750,1200,1400,0,1000,0,800,13150,AED,"Numbeo, expat forums, 2026",2026-02-19,N,"2-3BHK in popular expat areas (JBR, Marina, Mirdif). Family car ownership or frequent taxi use. Weekend activities, dining out 3-4 times/month. Children's activities included in misc."
AE,Dubai,Premium,Shared Accommodation,3500,500,1000,1200,0,1000,0,800,8000,AED,"Numbeo, expat forums, 2026",2026-02-19,N,"Premium shared accommodation (Downtown, Marina, JBR). Frequent dining and entertainment. Waitrose/Organic Foods grocery shopping. Gym membership, weekend activities."
AE,Dubai,Premium,1BHK,10000,800,1200,1400,0,1000,0,800,15200,AED,"Numbeo, expat forums, 2026",2026-02-19,N,"Luxury 1BHK in prime locations (Downtown Dubai, Marina, Business Bay). High-end lifestyle with regular fine dining. Car ownership or unlimited taxi budget. Premium groceries, entertainment subscriptions."
AE,Dubai,Premium,Family (2-3 BHK),18000,1200,2000,2000,0,2000,0,1500,26700,AED,"Numbeo, expat forums, 2026",2026-02-19,N,"Premium 3-4BHK in luxury developments (Palm Jumeirah, Emirates Hills, Downtown). International school fees NOT included (add AED 40,000-100,000/year per child). Two cars or extensive taxi use. Regular fine dining, weekend trips, clubs/activities."
AE,Abu Dhabi,Basic,Shared Accommodation,3000,350,300,700,0,200,0,200,4750,AED,"Numbeo, expat forums, 2026",2026-02-19,N,"DOH-licensed emirate. Shared accommodation in Khalifa City, Mussafah. Public bus network less extensive than Dubai. Groceries at Lulu, Al Maya. Healthcare covered by employer insurance."
AE,Abu Dhabi,Basic,1BHK,4000,450,300,750,0,250,0,250,6000,AED,"Numbeo, expat forums, 2026",2026-02-19,N,"1BHK in outer areas (Khalifa City, Al Reef, Mussafah). Lower transport costs due to less traffic/shorter distances. Similar cost structure to Dubai Basic but higher base rents."
AE,Abu Dhabi,Basic,Family (2-3 BHK),6500,600,500,1200,0,400,0,350,9550,AED,"Numbeo, expat forums, 2026",2026-02-19,N,"2-3BHK in family areas (Khalifa City, Al Raha). Car typically necessary for families in Abu Dhabi (limited public transport). Family groceries at wholesale centers."
AE,Abu Dhabi,Moderate,Shared Accommodation,3500,400,500,900,0,500,0,400,6200,AED,"Numbeo, expat forums, 2026",2026-02-19,N,"Shared accommodation in better locations (Al Reem Island, Electra). Mix of public transport and taxis. More dining and social activities than Basic tier."
AE,Abu Dhabi,Moderate,1BHK,5000,500,500,900,0,500,0,400,7800,AED,"Numbeo, expat forums, 2026",2026-02-19,N,"1BHK in mid-tier areas (Al Reem Island, Al Raha Beach, Tourist Club). Balanced lifestyle with regular dining out. Spinneys/Waitrose shopping. Entertainment included."
AE,Abu Dhabi,Moderate,Family (2-3 BHK),9000,800,1000,1400,0,1000,0,800,13000,AED,"Numbeo, expat forums, 2026",2026-02-19,N,"2-3BHK in family-friendly developments (Al Raha Beach, Yas Island, Reem Island). Family car essential. Weekend activities, parks, occasional Abu Dhabi attractions (Yas Waterworld, Ferrari World)."
AE,Abu Dhabi,Premium,Shared Accommodation,4500,500,800,1200,0,1000,0,800,8800,AED,"Numbeo, expat forums, 2026",2026-02-19,N,"Premium shared room in upscale areas (Corniche, Al Reem Island towers). Frequent dining and entertainment. Organic Foods/Waitrose. Gym, beach clubs."
AE,Abu Dhabi,Premium,1BHK,10000,800,1000,1400,0,1000,0,800,15000,AED,"Numbeo, expat forums, 2026",2026-02-19,N,"Luxury 1BHK in prime locations (Corniche, Saadiyat Island, Al Reem Island high-rises). High-end lifestyle with fine dining. Car ownership. Premium groceries and entertainment."
AE,Abu Dhabi,Premium,Family (2-3 BHK),16000,1200,1500,2000,0,2000,0,1500,24200,AED,"Numbeo, expat forums, 2026",2026-02-19,N,"Premium 3-4BHK in luxury areas (Saadiyat Island, Yas Island, Corniche). International school fees NOT included (add AED 50,000-120,000/year per child). Two cars. Regular fine dining, beach club memberships, travel."
AE,Sharjah,Basic,Shared Accommodation,1500,300,200,600,0,150,0,150,2900,AED,"Numbeo, expat forums, 2026",2026-02-19,N,"MOH-licensed emirate. Most affordable UAE option. Shared rooms in Al Nahda, Al Majaz, Rolla. Public buses to Dubai (if working cross-emirate, add 1 hour commute). Very budget-friendly for maximum savings."
AE,Sharjah,Basic,1BHK,2300,350,250,700,0,200,0,200,4000,AED,"Numbeo, expat forums, 2026",2026-02-19,N,"1BHK in outer Sharjah (Al Nahda, Muweilah, Al Khan). Significantly cheaper than Dubai/Abu Dhabi. Car useful but not essential. Many Indian doctors choose Sharjah for cost savings while working in Dubai."
AE,Sharjah,Basic,Family (2-3 BHK),4000,500,400,1000,0,300,0,300,6500,AED,"Numbeo, expat forums, 2026",2026-02-19,N,"2-3BHK in family areas (Al Nahda, University City, Al Majaz). Family car recommended. Groceries at wholesale markets (Sharjah Mega Mall, Safeer). Very cost-effective for families saving aggressively."
AE,Sharjah,Moderate,Shared Accommodation,2000,350,400,800,0,350,0,300,4200,AED,"Numbeo, expat forums, 2026",2026-02-19,N,"Better-located shared accommodation (Al Majaz, Al Qasba, Al Khan Corniche). Some dining out and social activities. Mix of public transport and taxis."
AE,Sharjah,Moderate,1BHK,2800,450,400,800,0,350,0,300,5100,AED,"Numbeo, expat forums, 2026",2026-02-19,N,"1BHK in better areas (Al Majaz, Al Taawun, Corniche). Balanced lifestyle with occasional dining out. Car useful for Dubai commute (if applicable). Entertainment budget included."
AE,Sharjah,Moderate,Family (2-3 BHK),5000,600,800,1200,0,600,0,600,8800,AED,"Numbeo, expat forums, 2026",2026-02-19,N,"2-3BHK in popular areas (Al Majaz, Al Taawun, Muweilah). Family car for convenience. Weekend activities in Sharjah (cheaper than Dubai attractions). Good balance of savings and comfort."
AE,Sharjah,Premium,Shared Accommodation,2500,400,600,1000,0,700,0,600,5800,AED,"Numbeo, expat forums, 2026",2026-02-19,N,"Premium shared accommodation in upscale Sharjah areas (Al Majaz waterfront, Al Qasba). Regular dining and entertainment. Higher quality lifestyle while maintaining cost advantage over Dubai."
AE,Sharjah,Premium,1BHK,5500,700,800,1200,0,800,0,600,9600,AED,"Numbeo, expat forums, 2026",2026-02-19,N,"Luxury 1BHK in prime Sharjah locations (Al Majaz waterfront, Al Khan). High-quality lifestyle at significantly lower cost than Dubai/Abu Dhabi Premium. Car ownership, regular dining out."
AE,Sharjah,Premium,Family (2-3 BHK),9000,900,1200,1500,0,1200,0,1000,14800,AED,"Numbeo, expat forums, 2026",2026-02-19,N,"Premium 3-4BHK in top Sharjah developments (Al Majaz, Maryam Island). International/private school fees NOT included (AED 20,000-60,000/year - cheaper than Dubai). Family car. Regular dining, activities. Best premium lifestyle value in UAE."
